{
	"format_version": "1.8.0",
	"animations": {
		"chaos_devil_walk": {
			"loop": true,
			"animation_length": 1,
			"bones": {
				"bardL": {
					"rotation": {
						"0.0": [-52.0652, -35.9364, -70.47928],
						"0.125": [-52.13471, -38.43472, -70.36431],
						"0.25": [-52.0652, -35.9364, -70.47928],
						"0.375": [-52.13471, -38.43472, -70.36431],
						"0.5": [-52.0652, -35.9364, -70.47928],
						"0.625": [-52.13471, -38.43472, -70.36431],
						"0.75": [-52.0652, -35.9364, -70.47928],
						"0.875": [-52.13471, -38.43472, -70.36431],
						"1.0": [-52.0652, -35.9364, -70.47928]
					}
				},
				"bardmidL": {
					"rotation": [-36.4865, -20.2044, 35.2866]
				},
				"bardbotL": {
					"rotation": {
						"0.0": [-12.6788, 40.4463, 98.1007],
						"0.125": [-9.1788, 40.4463, 98.1007],
						"0.25": [-12.6788, 40.4463, 98.1007],
						"0.375": [-9.1788, 40.4463, 98.1007],
						"0.5": [-12.6788, 40.4463, 98.1007],
						"0.625": [-9.1788, 40.4463, 98.1007],
						"0.75": [-12.6788, 40.4463, 98.1007],
						"0.875": [-9.1788, 40.4463, 98.1007],
						"1.0": [-12.6788, 40.4463, 98.1007]
					}
				},
				"bardhandL": {
					"rotation": [27.50954, -4.99523, -0.21865]
				},
				"fingerLL": {
					"rotation": {
						"0.0": [0, -60, 0],
						"0.125": [0, 0, 0],
						"0.25": [0, -60, 0],
						"0.375": [0, 0, 0],
						"0.5": [0, -60, 0],
						"0.625": [0, 0, 0],
						"0.75": [0, -60, 0],
						"0.875": [0, 0, 0],
						"1.0": [0, -60, 0]
					}
				},
				"fingerLR": {
					"rotation": {
						"0.0": [0, 0, 0],
						"0.125": [-60, 0, 0],
						"0.25": [0, 0, 0],
						"0.375": [-60, 0, 0],
						"0.5": [0, 0, 0],
						"0.625": [-60, 0, 0],
						"0.75": [0, 0, 0],
						"0.875": [-60, 0, 0],
						"1.0": [0, 0, 0]
					}
				},
				"fingerLM": {
					"rotation": {
						"0.0417": [0, 0, 0],
						"0.1667": [-60, 0, 0],
						"0.2917": [0, 0, 0],
						"0.4167": [-60, 0, 0],
						"0.5417": [0, 0, 0],
						"0.6667": [-60, 0, 0],
						"0.7917": [0, 0, 0],
						"0.9167": [-60, 0, 0],
						"1.0": [0, 0, 0]
					}
				},
				"bardR": {
					"rotation": {
						"0.0": [-52.0652, 35.9364, 70.4793],
						"0.125": [-52.13471, 38.4347, 70.3643],
						"0.25": [-52.0652, 35.9364, 70.4793],
						"0.375": [-52.13471, 38.4347, 70.3643],
						"0.5": [-52.0652, 35.9364, 70.4793],
						"0.625": [-52.13471, 38.4347, 70.3643],
						"0.75": [-52.0652, 35.9364, 70.4793],
						"0.875": [-52.13471, 38.4347, 70.3643],
						"1.0": [-52.0652, 35.9364, 70.4793]
					}
				},
				"bardmidR": {
					"rotation": [-36.48651, 20.20435, -35.28664]
				},
				"bardbotR": {
					"rotation": {
						"0.0": [-12.67876, -40.44631, -98.10066],
						"0.125": [-9.1788, -40.4463, -98.1007],
						"0.25": [-12.67876, -40.44631, -98.10066],
						"0.375": [-9.1788, -40.4463, -98.1007],
						"0.5": [-12.67876, -40.44631, -98.10066],
						"0.625": [-9.1788, -40.4463, -98.1007],
						"0.75": [-12.67876, -40.44631, -98.10066],
						"0.875": [-9.1788, -40.4463, -98.1007],
						"1.0": [-12.67876, -40.44631, -98.10066]
					}
				},
				"fingerRL": {
					"rotation": {
						"0.0": [0, 0, 0],
						"0.125": [-60, 0, 0],
						"0.25": [0, 0, 0],
						"0.375": [-60, 0, 0],
						"0.5": [0, 0, 0],
						"0.625": [-60, 0, 0],
						"0.75": [0, 0, 0],
						"0.875": [-60, 0, 0],
						"1.0": [0, 0, 0]
					}
				},
				"fingerRR": {
					"rotation": {
						"0.0": [0, -60, 0],
						"0.125": [0, 0, 0],
						"0.25": [0, -60, 0],
						"0.375": [0, 0, 0],
						"0.5": [0, -60, 0],
						"0.625": [0, 0, 0],
						"0.75": [0, -60, 0],
						"0.875": [0, 0, 0],
						"1.0": [0, -60, 0]
					}
				},
				"fingerRM": {
					"rotation": {
						"0.0417": [0, 0, 0],
						"0.1667": [-60, 0, 0],
						"0.2917": [0, 0, 0],
						"0.4167": [-60, 0, 0],
						"0.5417": [0, 0, 0],
						"0.6667": [-60, 0, 0],
						"0.7917": [0, 0, 0],
						"0.9167": [-60, 0, 0],
						"1.0": [0, 0, 0]
					}
				},
				"mainbody": {
					"rotation": {
						"0.0": [0, 0, 0],
						"0.25": [0, 0, 1],
						"0.5": [0, 0, 0],
						"0.75": [0, 0, -1],
						"1.0": [0, 0, 0]
					}
				},
				"legR": {
					"rotation": {
						"0.0": [0, 0, 0],
						"0.25": [-25, 0, 0],
						"0.375": [0, 0, 0],
						"0.5": [0, 0, 0]
					}
				},
				"lowerlegR": {
					"rotation": {
						"0.0": [0, 0, 0],
						"0.25": [10, 0, 0],
						"0.375": [-25, 0, 0],
						"0.5": [0, 0, 0]
					}
				},
				"footR": {
					"rotation": {
						"0.0": [0, 0, 0],
						"0.25": [12.5, 0, 0],
						"0.375": [25, 0, 0],
						"0.5": [0, 0, 0]
					}
				},
				"legL": {
					"rotation": {
						"0.5": [0, 0, 0],
						"0.75": [-25, 0, 0],
						"0.875": [0, 0, 0],
						"1.0": [0, 0, 0]
					}
				},
				"lowerlegL": {
					"rotation": {
						"0.5": [0, 0, 0],
						"0.75": [10, 0, 0],
						"0.875": [-25, 0, 0],
						"1.0": [0, 0, 0]
					}
				},
				"footL": {
					"rotation": {
						"0.5": [0, 0, 0],
						"0.75": [12.5, 0, 0],
						"0.875": [25, 0, 0],
						"1.0": [0, 0, 0]
					}
				},
				"armL": {
					"rotation": {
						"0.0": [0, 0, 0],
						"0.25": [22, 0, 0],
						"0.5": [0, 0, 0],
						"0.75": [-14.5, 0, 0],
						"1.0": [0, 0, 0]
					}
				},
				"armR": {
					"rotation": {
						"0.0": [0, 0, 0],
						"0.25": [17, 0, 0],
						"0.5": [0, 0, 0],
						"0.75": [-17, 0, 0],
						"1.0": [0, 0, 0]
					}
				},
				"bardhandR": {
					"rotation": [27.50954, -4.99523, -0.21865]
				}
			}
		},
		"chaos_devil_idle": {
			"loop": true,
			"animation_length": 1.5,
			"bones": {
				"head": {
					"rotation": {
						"0.0": {
							"vector": [0, 0, 0]
						},
						"0.75": {
							"vector": [5, 0, 0]
						},
						"1.5": {
							"vector": [0, 0, 0]
						}
					}
				},
				"lowerhead": {
					"rotation": {
						"0.0": {
							"vector": [0, 0, 0]
						},
						"0.75": {
							"vector": [10, 0, 0]
						},
						"1.5": {
							"vector": [0, 0, 0]
						}
					}
				},
				"bardL": {
					"position": {
						"0.0": {
							"vector": [0, 0, 0]
						},
						"0.75": {
							"vector": [0, 1, 0]
						},
						"1.5": {
							"vector": [0, 0, 0]
						}
					}
				},
				"bardmidL": {
					"rotation": {
						"0.0": {
							"vector": [0, 0, 0]
						},
						"0.75": {
							"vector": [-2.5, 0, 0]
						},
						"1.5": {
							"vector": [0, 0, 0]
						}
					}
				},
				"bardbotL": {
					"rotation": {
						"0.0": {
							"vector": [0, 0, 0]
						},
						"0.75": {
							"vector": [-7.5, 0, 0]
						},
						"1.5": {
							"vector": [0, 0, 0]
						}
					}
				},
				"bardR": {
					"position": {
						"0.0": {
							"vector": [0, 0, 0]
						},
						"0.75": {
							"vector": [0, 1, 0]
						},
						"1.5": {
							"vector": [0, 0, 0]
						}
					}
				},
				"bardmidR": {
					"rotation": {
						"0.0": {
							"vector": [0, 0, 0]
						},
						"0.75": {
							"vector": [-2.5, 0, 0]
						},
						"1.5": {
							"vector": [0, 0, 0]
						}
					}
				},
				"bardbotR": {
					"rotation": {
						"0.0": {
							"vector": [0, 0, 0]
						},
						"0.75": {
							"vector": [-7.5, 0, 0]
						},
						"1.5": {
							"vector": [0, 0, 0]
						}
					}
				}
			}
		},
		"chaos_devil_attack": {
			"loop": true,
			"animation_length": 0.54167,
			"bones": {
				"bardL": {
					"rotation": {
						"0.0": [-52.0652, -35.9364, -70.47928],
						"0.125": [31.9031, 3.095, -94.3344],
						"0.3333": [-52.0652, -35.9364, -70.47928],
						"0.5417": [-52.0652, -35.9364, -70.47928]
					}
				},
				"bardmidL": {
					"rotation": {
						"0.0": [-36.4865, -20.2044, 35.2866],
						"0.3333": [-77.5359, -20.8979, 59.3267],
						"0.5417": [-36.4865, -20.2044, 35.2866]
					}
				},
				"bardbotL": {
					"rotation": {
						"0.0": [-12.6788, 40.4463, 98.1007],
						"0.3333": [-7.7303, 2.1671, 110.9206],
						"0.5417": [-12.6788, 40.4463, 98.1007]
					}
				},
				"bardR": {
					"rotation": {
						"0.0": [-52.0652, 35.9364, 70.4793],
						"0.125": [31.90311, -3.09498, 94.33443],